{"cameraMode":{"drawMode":0,"name":"Shaded","section":"Shading Mode"},"sceneLighting":true,"audioPlay":false,"sceneViewState":{"showFog":true,"showMaterialUpdate":true,"showSkybox":true,"showFlares":true,"showImageEffects":true,"showParticleSystems":true},"in2DMode":false,"pivot":{"x":0.4565426707267761,"y":1.1853065490722657,"z":-0.3039388656616211},"rotation":{"x":-0.24469314515590669,"y":0.3632025420665741,"z":-0.09946732223033905,"w":-0.8934863209724426},"size":1.7660253047943116,"orthographic":false}